{
  "holes": -8.273637264411715,
  "aggregate_height": 0.03427691307050526,
  "bumpiness": -0.3050127710027106,
  "completed_lines": 6.2786481013300675,
  "max_height": -0.3812618978690278,
  "right_well_open": 2.8781591840408587,
  "right_well_depth": 0.8826003569429237,
  "right_well_blocked": -4.012775500416388,
  "i_ready_bonus": 2.687344389205635,
  "perfect_clear_bonus": 35.17824055459533,
  "perfect_clear_setup": 3.4229130000900443,
  "danger": -3.298372634769725,
  "well_lock_penalty": -6.440139920853636
}